,String,Class
0,Rich and buttery delicacy recipes,foie_gras
1,Luxurious appetizer with duck liver,foie_gras
2,Indulgent gourmet dish preparation,foie_gras
3,Recipes for savory liver pâté,foie_gras
4,Delicate and decadent French cuisine ideas,foie_gras
5,Gourmet cooking with fattened duck liver,foie_gras
6,Buttery texture in luxury food recipes,foie_gras
7,Savory and elegant hors d'oeuvres,foie_gras
8,Decadent French cooking techniques,foie_gras
9,Cooking methods for velvety smooth liver dishes,foie_gras
10,Luxurious ingredient for gourmet dining,foie_gras
11,Elegant appetizer ideas for special occasions,foie_gras
12,French-inspired culinary creations with duck liver,foie_gras
13,Buttery and savory flavor profiles in fine dining,foie_gras
14,Gourmet recipe inspiration for indulgent dishes,foie_gras
15,Exquisite culinary delicacies featuring duck liver,foie_gras
16,Buttery texture and rich taste in upscale cuisine,foie_gras
17,Decadent dish ideas using fattened goose liver,foie_gras
18,Elevated cooking techniques for luxurious appetizers,foie_gras
19,Gourmet recipes showcasing the richness of liver,foie_gras
20,Indulgent and flavorful French cuisine suggestions,foie_gras
21,Fine dining recipes with luxurious ingredients,foie_gras
22,Buttery and smooth textures in gourmet cooking,foie_gras
23,Savory and exquisite dishes for epicurean tastes,foie_gras
24,Elegant hors d'oeuvre preparations with liver,foie_gras
25, Savory triple-layered sandwich recipes,club_sandwich
26,Protein-rich deli-style sandwich ideas,club_sandwich
27,Recipes for layered turkey and bacon sandwiches,club_sandwich
28,Homemade gourmet sandwich assembly tips,club_sandwich
29,Hearty sandwich with grilled chicken and crispy bacon,club_sandwich
30,How to make a flavorful layered sandwich,club_sandwich
31,Gourmet sandwich variations with turkey and bacon,club_sandwich
32,Delicious sandwich fillings for a satisfying meal,club_sandwich
33,Layered sandwich construction techniques for home cooks,club_sandwich
34,Clubhouse-style sandwich with assorted meats and cheese,club_sandwich
35,Elevated sandwich recipes with premium ingredients,club_sandwich
36,Creative sandwich combinations for lunch or dinner,club_sandwich
37,Satisfying sandwich with crispy bacon and fresh veggies,club_sandwich
38,Classic diner-style sandwich preparation techniques,club_sandwich
39,Layered sandwich with toasted bread and flavorful spreads,club_sandwich
40,Simple sandwich recipes for quick and easy meals,club_sandwich
41,Authentic sandwich ingredients for a classic taste,club_sandwich
42,Delicious sandwich condiments and spreads,club_sandwich
43,Traditional sandwich with a variety of meats and veggies,club_sandwich
44,Homemade sandwich presentation ideas for gatherings,club_sandwich
45,Elegant sandwich plating techniques for a polished look,club_sandwich
46, Assorted cheese plate ideas for flavorful appetizers,cheese_plate
47,Gourmet cheese platter assembly tips and tricks,cheese_plate
48,How to create a balanced cheese board with various textures,cheese_plate
49,Nutritious cheese plate options for a well-rounded snack,cheese_plate
50,Recipes for elegant cheese boards with artisanal cheeses,cheese_plate
51,Pairing suggestions for cheese plates with complementary flavors,cheese_plate
52,Creative cheese plate arrangements for entertaining guests,cheese_plate
53,Cheese platter presentation ideas for special occasions,cheese_plate
54,Nutrient-rich cheese board options with fruits and nuts,cheese_plate
55,How to select the perfect cheeses for your cheese plate,cheese_plate
56,Gourmet cheese plate recipes featuring international varieties,cheese_plate
57,Tips for arranging a visually appealing cheese board,cheese_plate
58,Healthy cheese plate options with whole-grain crackers and vegetables,cheese_plate
59,Flavorful cheese platter combinations with savory and sweet elements,cheese_plate
60,Elegant cheese plate ideas for wine pairing,cheese_plate
61,How to build a cheese plate with a variety of milk types,cheese_plate
62,Cheese plate recipes with unique and artisanal cheeses,cheese_plate
63,Creative cheese board garnishes for added visual appeal,cheese_plate
64,Nutritional benefits of including cheese in your diet,cheese_plate
65,How to serve and store cheeses for optimal flavor,cheese_plate
66,Cheese plate inspiration for casual gatherings and parties,cheese_plate
67,Recipes for themed cheese boards with regional specialties,cheese_plate
68,Pairing ideas for cheese plates with different beverages,cheese_plate
69,Tips for creating a crowd-pleasing cheese platter,cheese_plate
70,DIY cheese plate assembly guide for cheese enthusiasts,cheese_plate
