Name,Ingredients,Recipe
Foie Gras,Foie gras, salt, pepper, sugar,Foie gras is a delicacy made from the liver of a duck or goose that has been specially fattened. To prepare foie gras, slice it into portions and season with salt, pepper, and a pinch of sugar. Sear the foie gras slices in a hot pan for a few minutes on each side until golden brown. Serve immediately.
Club Sandwich,Bread, turkey or chicken slices, bacon, lettuce, tomato, mayonnaise,To make a classic club sandwich, toast three slices of bread. Spread mayonnaise on one side of each slice. Layer one slice with turkey or chicken slices, bacon, lettuce, and tomato. Top with the second slice of bread, then repeat the layers. Place the third slice of bread on top and secure the sandwich with toothpicks. Cut into quarters before serving.
Cheese Plate,Assorted cheeses (such as cheddar, brie, gouda, and blue cheese), crackers, grapes, nuts,A cheese plate is a simple and elegant appetizer or dessert option. Arrange assorted cheeses, crackers, grapes, and nuts on a serving platter. You can also add other accompaniments like honey or jam. Serve at room temperature.
Cupcakes,Flour, sugar, eggs, butter, milk, vanilla extract, baking powder, frosting (optional),Cupcakes are easy to make and versatile. To make the batter, cream together butter and sugar, then add eggs one at a time. Mix in flour, baking powder, milk, and vanilla extract until smooth. Spoon the batter into cupcake liners and bake at 350°F (175°C) for 18-20 minutes. Let cool before frosting, if desired.
Garlic Bread,Baguette, butter, garlic, parsley,Garlic bread is a flavorful side dish or appetizer. Mix together softened butter, minced garlic, and chopped parsley. Slice a baguette lengthwise and spread the garlic butter mixture on each half. Bake in the oven at 375°F (190°C) for about 10 minutes, or until golden brown and crispy. Serve hot.
Gnocchi,Potatoes, flour, egg,Gnocchi are soft dumplings made from potatoes, flour, and egg. To prepare gnocchi, boil potatoes until tender, then mash them until smooth. Mix in flour and egg until a dough forms. Roll the dough into ropes and cut into bite-sized pieces. Cook in boiling water until they float to the surface, then drain and serve with your favorite sauce.
Ice Cream,Heavy cream, milk, sugar, vanilla extract,Ice cream is a classic frozen dessert that's easy to make at home. Mix together heavy cream, milk, sugar, and vanilla extract until the sugar is dissolved. Pour the mixture into an ice cream maker and churn according to the manufacturer's instructions. Transfer to a container and freeze until firm.
Samosa,Potatoes, peas, carrots, onions, spices, pastry dough,Samosas are savory pastries filled with a mixture of spiced potatoes, peas, carrots, and onions. To make the filling, sauté diced vegetables with spices like cumin, coriander, turmeric, and garam masala until tender. Fill pastry dough with the mixture and fold into triangular shapes. Fry in hot oil until golden brown and crispy. Serve with chutney or sauce.
Donuts,Flour, sugar, yeast, milk, butter, egg, vanilla extract, oil for frying,Donuts are a sweet treat made from a yeasted dough. To make the dough, mix together flour, sugar, yeast, milk, melted butter, egg, and vanilla extract until smooth. Let the dough rise until doubled in size, then roll it out and cut into rings. Fry the donuts in hot oil until golden brown, then drain on paper towels and dust with powdered sugar.
Tuna Tartare,Fresh tuna, soy sauce, sesame oil, lime juice, green onions, avocado,Tuna tartare is a light and flavorful appetizer made from raw tuna. Dice fresh tuna into small pieces and mix with soy sauce, sesame oil, lime juice, chopped green onions, and diced avocado. Season with salt and pepper to taste. Serve chilled with crispy wonton chips or on a bed of greens.
